{
  "controller_type": "riccati_lqr",
  "riccati_lqr": {
    "q_pos": [
      0.00011315281867876068,
      0.0002386014436923367,
      24.493478682147725
    ],
    "q_vel": [
      0.006364382979109356,
      0.009397208994401902,
      6.826165493677824
    ],
    "r_controls": [
      1.2010724023329373,
      1.6771451738782812,
      0.5267551759654816,
      0.6637159951486025
    ]
  },
  "metrics": {
    "mean_on_target_ratio": 0.9787333333333332,
    "mean_tracking_error": 0.1617269418197956,
    "success_rate": 1.0,
    "episodes_evaluated": 5
  },
  "score": 0.9625606391513537
}